Service,Request,Result,Quality,HTTP Status,Response Time (ms)
Yandex,"109012, г. Москва, Красная площадь, д. 1",55.755277 37.61768,exact,200,204.99
DaData,"109012, г. Москва, Красная площадь, д. 1",,network error: 0,0,2288.64
GigaChat,"109012, г. Москва, Красная площадь, д. 1","Координаты адреса «109012, г. Москва, Красная площадь, д. 1» примерно равны:

**55.751244, 37.618423**",-,200,541.76
Yandex,"125009, г. Москва, Тверская ул., д. 7",55.757972 37.611212,exact,200,120.0
DaData,"125009, г. Москва, Тверская ул., д. 7",,network error: 0,0,2217.99
GigaChat,"125009, г. Москва, Тверская ул., д. 7","Координаты адреса «125009, г. Москва, Тверская улица, дом 7» примерно равны:

**latitude:** `55.753960`
**longitude:** `37.620398`",-,200,524.84
Yandex,"101000, г. Москва, ул. Мясницкая, д. 26",55.763979 37.637326,exact,200,95.55
DaData,"101000, г. Москва, ул. Мясницкая, д. 26",,network error: 0,0,2205.89
GigaChat,"101000, г. Москва, ул. Мясницкая, д. 26","Координаты адреса «101000, г. Москва, ул. Мясницкая, д. 26»: **55.759897, 37.611678**",-,200,483.5
Yandex,"119019, г. Москва, ул. Арбат, д. 51",55.747784 37.586688,exact,200,131.0
DaData,"119019, г. Москва, ул. Арбат, д. 51",,network error: 0,0,2217.13
GigaChat,"119019, г. Москва, ул. Арбат, д. 51","Координаты адреса «119019, г. Москва, ул. Арбат, д. 51» примерно равны:

**latitude:** `55.751244`  
**longitude:** `37.618423`",-,200,528.06
Yandex,"127006, г. Москва, ул. Новый Арбат, д. 15",55.751933 37.593066,exact,200,124.42
DaData,"127006, г. Москва, ул. Новый Арбат, д. 15",,network error: 0,0,2236.48
GigaChat,"127006, г. Москва, ул. Новый Арбат, д. 15","Координаты адреса «127006, г. Москва, ул. Новый Арбат, д. 15»: **55.7522° N, 37.6155° E**  
Или в указанном вами формате: `latitude longitude`: **55.7522 37.6155**.",-,200,848.8
Yandex,"115035, г. Москва, ул. Пятницкая, д. 62",55.732996 37.627148,exact,200,117.34
DaData,"115035, г. Москва, ул. Пятницкая, д. 62",,network error: 0,0,2235.02
GigaChat,"115035, г. Москва, ул. Пятницкая, д. 62","Координаты адреса «115035, г. Москва, ул. Пятницкая, д. 62» примерно равны:

**latitude:** `55.7895`
**longitude:** `37.6143`",-,200,713.65
Yandex,"107031, г. Москва, Кузнецкий Мост ул., д. 21/5",55.762004 37.626448,exact,200,171.14
DaData,"107031, г. Москва, Кузнецкий Мост ул., д. 21/5",,network error: 0,0,2228.31
GigaChat,"107031, г. Москва, Кузнецкий Мост ул., д. 21/5","Координаты адреса «107031, г. Москва, Кузнецкий Мост ул., д. 21/5» примерно равны:

**latitude:** `55.7891°`  
**longitude:** `37.6137°`",-,200,538.78
Yandex,"123001, г. Москва, ул. 1905 года, д. 8",55.767089 37.560233,exact,200,160.5
DaData,"123001, г. Москва, ул. 1905 года, д. 8",,network error: 0,0,2245.66
GigaChat,"123001, г. Москва, ул. 1905 года, д. 8","Координаты адреса «123001, г. Москва, ул. 1905 года, д. 8»: **55.764036, 37.619044**",-,200,529.34
Yandex,"119121, г. Москва, Ленинский проспект, д. 32А",55.710732 37.578262,exact,200,128.61
DaData,"119121, г. Москва, Ленинский проспект, д. 32А",,network error: 0,0,2226.59
GigaChat,"119121, г. Москва, Ленинский проспект, д. 32А","Координаты адреса «119121, г. Москва, Ленинский проспект, д. 32А»: **55.7385° N, 37.6066° E**  
Или в указанном формате: **latitude 55.7385, longitude 37.6066**.",-,200,826.5
Yandex,"129090, г. Москва, проспект Мира, д. 41",55.781241 37.633023,number,200,145.52
DaData,"129090, г. Москва, проспект Мира, д. 41",,network error: 0,0,2237.49
GigaChat,"129090, г. Москва, проспект Мира, д. 41","Координаты адреса «129090, г. Москва, проспект Мира, д. 41»: **55.8166° N, 37.8500° E**  
То есть в формате, запрошенном вами: `latitude longitude`:  
`55.8166 37.8500`",-,200,825.1
Yandex,"11. 190000, г. Санкт-Петербург, Невский пр., д. 28",59.9358 30.325875,exact,200,147.15
DaData,"11. 190000, г. Санкт-Петербург, Невский пр., д. 28",,network error: 0,0,2191.01
GigaChat,"11. 190000, г. Санкт-Петербург, Невский пр., д. 28","Координаты адреса «190000, г. Санкт-Петербург, Невский пр., д. 28» примерно равны:

**latitude**: 59.9343 **longitude**: 30.3351",-,200,566.63
Yandex,"12. 191186, г. Санкт-Петербург, Дворцовая площадь, д. 2",59.940082 30.312814,exact,200,147.18
DaData,"12. 191186, г. Санкт-Петербург, Дворцовая площадь, д. 2",,network error: 0,0,2236.52
GigaChat,"12. 191186, г. Санкт-Петербург, Дворцовая площадь, д. 2","Координаты адреса «12. 191186, г. Санкт-Петербург, Дворцовая площадь, д. 2»:

**59.9343° N, 30.3351° E**

Формат вывода: **latitude longitude**.",-,200,573.94
Yandex,"13. 191023, г. Санкт-Петербург, набережная реки Фонтанки, д. 62",59.928861 30.338667,exact,200,145.81
DaData,"13. 191023, г. Санкт-Петербург, набережная реки Фонтанки, д. 62",,network error: 0,0,2258.86
GigaChat,"13. 191023, г. Санкт-Петербург, набережная реки Фонтанки, д. 62","Координаты указанного адреса примерно равны:

**latitude**: `59.938683  
longitude`: `30.314167`",-,200,650.59
Yandex,"14. 190031, г. Санкт-Петербург, Садовая ул., д. 54",59.922977 30.309544,exact,200,207.97
DaData,"14. 190031, г. Санкт-Петербург, Садовая ул., д. 54",,network error: 0,0,2224.87
GigaChat,"14. 190031, г. Санкт-Петербург, Садовая ул., д. 54","Координаты адреса «190031, г. Санкт-Петербург, Садовая улица, дом 54» примерно равны:

**latitude:** `59.938683`  
**longitude:** `30.314130`",-,200,727.75
Yandex,"15. 191011, г. Санкт-Петербург, ул. Итальянская, д. 25",59.935786 30.337293,exact,200,129.42
DaData,"15. 191011, г. Санкт-Петербург, ул. Итальянская, д. 25",,network error: 0,0,2685.89
GigaChat,"15. 191011, г. Санкт-Петербург, ул. Итальянская, д. 25","Координаты указанного адреса примерно равны:

**latitude**: 59.9386  
**longitude**: 30.3167",-,200,375.18
Yandex,"16. 191002, г. Санкт-Петербург, Литейный пр., д. 51",59.937197 30.347785,exact,200,120.14
DaData,"16. 191002, г. Санкт-Петербург, Литейный пр., д. 51",,network error: 0,0,2224.56
GigaChat,"16. 191002, г. Санкт-Петербург, Литейный пр., д. 51","Координаты адреса «16. 191002, г. Санкт-Петербург, Литейный пр., д. 51» примерно равны:

**59.9386° N (59° 56' 19''), 30.3141° E (30° 18' 51'')**

То есть в нужном формате:

```
59.9386, 30.3141
```",-,200,1067.69
Yandex,"17. 197046, г. Санкт-Петербург, ул. Куйбышева, д. 4",59.954601 30.325085,exact,200,141.34
DaData,"17. 197046, г. Санкт-Петербург, ул. Куйбышева, д. 4",,network error: 0,0,2255.53
GigaChat,"17. 197046, г. Санкт-Петербург, ул. Куйбышева, д. 4","Координаты указанного адреса примерно равны:

**latitude**: 59.9342  
**longitude**: 30.3356",-,200,373.67
Yandex,"18. 199034, г. Санкт-Петербург, Университетская наб., д. 7",59.93978 30.299456,number,200,128.56
DaData,"18. 199034, г. Санкт-Петербург, Университетская наб., д. 7",,network error: 0,0,2267.24
GigaChat,"18. 199034, г. Санкт-Петербург, Университетская наб., д. 7",Координаты указанного адреса: **59.934722 longitude 30.335278**,-,200,380.75
Yandex,"19. 191124, г. Санкт-Петербург, ул. Чайковского, д. 39",59.946302 30.354343,exact,200,149.55
DaData,"19. 191124, г. Санкт-Петербург, ул. Чайковского, д. 39",,network error: 0,0,2233.92
GigaChat,"19. 191124, г. Санкт-Петербург, ул. Чайковского, д. 39","Координаты адреса «19. 191124, г. Санкт-Петербург, ул. Чайковского, д. 39» по указанному формату: **59.938611 latitude, 30.316667 longitude**.  

Обратите внимание, что индекс «19. 191124» указан некорректно и не влияет на определение координат самого адреса.",-,200,962.87
Yandex,"20. 191014, г. Санкт-Петербург, Литейный пр., д. 60",59.93378 30.348396,exact,200,162.05
DaData,"20. 191014, г. Санкт-Петербург, Литейный пр., д. 60",,network error: 0,0,2218.25
GigaChat,"20. 191014, г. Санкт-Петербург, Литейный пр., д. 60","Координаты адреса «20, 191014, г. Санкт-Петербург, Литейный пр., д. 60» примерно равны:

**latitude:** `59.938683  
longitude:** `30.314167",-,200,785.03
Yandex,"620014, г. Екатеринбург, ул. 8 Марта, д. 13",56.836401 60.600349,exact,200,155.17
DaData,"620014, г. Екатеринбург, ул. 8 Марта, д. 13",,network error: 0,0,2245.73
GigaChat,"620014, г. Екатеринбург, ул. 8 Марта, д. 13","Координаты адреса «620014, г. Екатеринбург, ул. 8 Марта, д. 13»: **56.8395° N, 60.6014° E**  
Или в формате, запрошенном вами: `latitude longitude`:  
`56.8395, 60.6014`",-,200,693.49
Yandex,"630099, г. Новосибирск, Красный проспект, д. 20",55.022969 82.922963,near,200,169.2
DaData,"630099, г. Новосибирск, Красный проспект, д. 20",,network error: 0,0,2227.68
GigaChat,"630099, г. Новосибирск, Красный проспект, д. 20","Координаты адреса «630099, г. Новосибирск, Красный проспект, д. 20» примерно равны:

**latitude**: 55.0385  
**longitude**: 82.9211",-,200,486.9
Yandex,"420014, г. Казань, ул. Кремлевская, д. 18",55.790853 49.121784,exact,200,116.54
DaData,"420014, г. Казань, ул. Кремлевская, д. 18",,network error: 0,0,2230.33
GigaChat,"420014, г. Казань, ул. Кремлевская, д. 18","Координаты адреса «420014, г. Казань, ул. Кремлевская, д. 18»: **55.793521, 49.118834**.",-,200,699.61
Yandex,"603005, г. Нижний Новгород, ул. Большая Покровская, д. 82",56.308975 43.987292,exact,200,140.82
DaData,"603005, г. Нижний Новгород, ул. Большая Покровская, д. 82",,network error: 0,0,2253.4
GigaChat,"603005, г. Нижний Новгород, ул. Большая Покровская, д. 82","Координаты адреса «603005, г. Нижний Новгород, ул. Большая Покровская, д. 82» примерно равны:

**latitude:** `56.3293°`
**longitude:** `44.0068°`",-,200,554.35
Yandex,"443099, г. Самара, ул. Куйбышева, д. 145",53.19427 50.093788,exact,200,144.08
DaData,"443099, г. Самара, ул. Куйбышева, д. 145",,network error: 0,0,2267.28
GigaChat,"443099, г. Самара, ул. Куйбышева, д. 145","Координаты адреса «443099, г. Самара, ул. Куйбышева, д. 145»: **53.2288° N, 50.1239° E**  
Или в формате, запрошенном вами: `latitude longitude`:  
`53.2288, 50.1239`",-,200,885.08
Yandex,"454091, г. Челябинск, пр. Ленина, д. 57",55.159866 61.398044,exact,200,172.23
DaData,"454091, г. Челябинск, пр. Ленина, д. 57",,network error: 0,0,2244.43
GigaChat,"454091, г. Челябинск, пр. Ленина, д. 57","Координаты адреса «454091, г. Челябинск, пр. Ленина, д. 57»: **55.1389° N, 61.4231° E**  
Или в формате, запрошенном тобой: **latitude 55.1389, longitude 61.4231**.",-,200,663.6
Yandex,"644099, г. Омск, ул. Ленина, д. 10",54.986423 73.372919,exact,200,180.71
DaData,"644099, г. Омск, ул. Ленина, д. 10",,network error: 0,0,2242.51
GigaChat,"644099, г. Омск, ул. Ленина, д. 10","Координаты адреса «644099, г. Омск, ул. Ленина, д. 10» примерно равны:

**latitude:** 54.9833  
**longitude:** 73.3833",-,200,480.55
Yandex,"344002, г. Ростов-на-Дону, ул. Большая Садовая, д. 47",47.22168 39.712237,exact,200,119.91
DaData,"344002, г. Ростов-на-Дону, ул. Большая Садовая, д. 47",,network error: 0,0,2216.14
GigaChat,"344002, г. Ростов-на-Дону, ул. Большая Садовая, д. 47","Координаты адреса «344002, г. Ростов-на-Дону, ул. Большая Садовая, д. 47»: **47.21944, 39.7325**",-,200,667.76
Yandex,"450008, г. Уфа, пр. Октября, д. 72",54.761363 56.013336,exact,200,111.19
DaData,"450008, г. Уфа, пр. Октября, д. 72",,network error: 0,0,2224.26
GigaChat,"450008, г. Уфа, пр. Октября, д. 72","Координаты адреса «450008, г. Уфа, пр. Октября, д. 72» примерно равны:

**latitude:** `54.7996`  
**longitude:** `55.7314`",-,200,509.87
Yandex,"660049, г. Красноярск, пр. Мира, д. 53",56.011872 92.873592,exact,200,194.15
DaData,"660049, г. Красноярск, пр. Мира, д. 53",,network error: 0,0,2212.57
GigaChat,"660049, г. Красноярск, пр. Мира, д. 53","Координаты адреса «660049, г. Красноярск, пр. Мира, д. 53»: **56.0089° N, 92.8617° E**  
Или в формате, запрошенном вами: `latitude longitude`: **56.0089, 92.8617**.",-,200,698.45
Yandex,"690091, г. Владивосток, ул. Светланская, д. 20",43.116306 131.881936,exact,200,148.79
DaData,"690091, г. Владивосток, ул. Светланская, д. 20",,network error: 0,0,2238.68
GigaChat,"690091, г. Владивосток, ул. Светланская, д. 20","Координаты адреса «690091, г. Владивосток, ул. Светланская, д. 20»: **43.1083° N, 131.8947° E**  
Или в указанном тобой формате: `latitude longitude`: **43.1083, 131.8947**.",-,200,913.95
Yandex,"236006, г. Калининград, Ленинский пр., д. 30",54.711364 20.508215,exact,200,126.34
DaData,"236006, г. Калининград, Ленинский пр., д. 30",,network error: 0,0,2255.23
GigaChat,"236006, г. Калининград, Ленинский пр., д. 30","Координаты адреса «236006, г. Калининград, Ленинский пр., д. 30»: **54.7118° N, 19.9497° E**  
То есть в формате `latitude longitude`: **54.7118, 19.9497**.",-,200,812.67
Yandex,"664003, г. Иркутск, ул. Ленина, д. 14",52.286839 104.279735,exact,200,181.98
DaData,"664003, г. Иркутск, ул. Ленина, д. 14",,network error: 0,0,2235.16
GigaChat,"664003, г. Иркутск, ул. Ленина, д. 14","Координаты адреса «664003, г. Иркутск, ул. Ленина, д. 14»: **52.2833° N, 104.2667° E**  
Или в указанном формате: **latitude 52.2833, longitude 104.2667**.",-,200,898.24
Yandex,"183038, г. Мурманск, пр. Ленина, д. 75",68.972505 33.084116,exact,200,211.13
DaData,"183038, г. Мурманск, пр. Ленина, д. 75",,network error: 0,0,2226.48
GigaChat,"183038, г. Мурманск, пр. Ленина, д. 75","Координаты адреса «183038, г. Мурманск, пр. Ленина, д. 75»: **68.9471° N, 33.0583° E**  
Или в формате, запрошенном вами: **latitude 68.9471, longitude 33.0583**.",-,200,714.0
Yandex,"163060, г. Архангельск, Троицкий пр., д. 49",64.540518 40.513202,exact,200,136.22
DaData,"163060, г. Архангельск, Троицкий пр., д. 49",,network error: 0,0,2253.85
GigaChat,"163060, г. Архангельск, Троицкий пр., д. 49","Координаты адреса «163060, г. Архангельск, Троицкий пр., д. 49»: **64.528953, 39.258428**",-,200,445.63
Yandex,"150000, г. Ярославль, ул. Кирова, д. 8",57.626342 39.890041,number,200,158.9
DaData,"150000, г. Ярославль, ул. Кирова, д. 8",,network error: 0,0,2236.79
GigaChat,"150000, г. Ярославль, ул. Кирова, д. 8","Координаты адреса «150000, г. Ярославль, ул. Кирова, д. 8» примерно равны:

**latitude:** `57.6297`  
**longitude:** `40.9564`",-,200,791.96
Yandex,"300041, г. Тула, пр. Ленина, д. 51",54.185662 37.609991,exact,200,184.47
DaData,"300041, г. Тула, пр. Ленина, д. 51",,network error: 0,0,2241.54
GigaChat,"300041, г. Тула, пр. Ленина, д. 51","Координаты адреса «300041, г. Тула, пр. Ленина, д. 51» примерно равны:

**latitude:** 54.1983  
**longitude:** 37.6147",-,200,518.4
Yandex,"305000, г. Курск, Красная площадь, д. 6",51.72996 36.192126,exact,200,132.14
DaData,"305000, г. Курск, Красная площадь, д. 6",,network error: 0,0,2249.89
GigaChat,"305000, г. Курск, Красная площадь, д. 6","Координаты адреса «305000, г. Курск, Красная площадь, д. 6» примерно равны:

**latitude:** 51.7298  
**longitude:** 36.2545",-,200,703.17
Yandex,"308015, г. Белгород, Гражданский пр., д. 41",50.594242 36.594095,exact,200,105.85
DaData,"308015, г. Белгород, Гражданский пр., д. 41",,network error: 0,0,2214.44
GigaChat,"308015, г. Белгород, Гражданский пр., д. 41","Координаты адреса «308015, г. Белгород, Гражданский проспект, дом 41»: **50.5093° N, 36.1867° E**  
Или в указанном формате: `latitude longitude`: **50.5093, 36.1867**.",-,200,625.87
Yandex,"354000, г. Сочи, Курортный пр., д. 103",43.551599 39.777302,exact,200,118.77
DaData,"354000, г. Сочи, Курортный пр., д. 103",,network error: 0,0,2227.85
GigaChat,"354000, г. Сочи, Курортный пр., д. 103","Координаты адреса «354000, г. Сочи, Курортный проспект, д. 103» примерно равны:

**latitude**: 43.5898  
**longitude**: 39.7297",-,200,700.94
Yandex,"614000, г. Пермь, ул. Ленина, д. 58",58.009992 56.237375,exact,200,221.1
DaData,"614000, г. Пермь, ул. Ленина, д. 58",,network error: 0,0,2213.47
GigaChat,"614000, г. Пермь, ул. Ленина, д. 58","Координаты адреса «614000, г. Пермь, ул. Ленина, д. 58»: **57.99899, 56.23295**",-,200,675.59
Yandex,"394036, г. Воронеж, пр. Революции, д. 39",51.666607 39.206557,exact,200,133.4
DaData,"394036, г. Воронеж, пр. Революции, д. 39",,network error: 0,0,2212.73
GigaChat,"394036, г. Воронеж, пр. Революции, д. 39","Координаты адреса «394036, г. Воронеж, пр. Революции, д. 39»: **51.6784° N, 39.2111° E**  
Или в указанном формате: `latitude longitude`: **51.6784, 39.2111**.",-,200,819.78
Yandex,"400066, г. Волгоград, пр. Ленина, д. 33",48.718511 44.530558,exact,200,179.27
DaData,"400066, г. Волгоград, пр. Ленина, д. 33",,network error: 0,0,2250.74
GigaChat,"400066, г. Волгоград, пр. Ленина, д. 33","Координаты адреса «400066, г. Волгоград, пр. Ленина, д. 33»: **48.489722 longitude 44.416389 latitude**",-,200,455.99
Yandex,"410031, г. Саратов, ул. Московская, д. 109",51.536122 46.023764,exact,200,134.56
DaData,"410031, г. Саратов, ул. Московская, д. 109",,network error: 0,0,2231.89
GigaChat,"410031, г. Саратов, ул. Московская, д. 109","Координаты адреса «410031, г. Саратов, ул. Московская, д. 109»: **51.5333° N, 46.0167° E**  
Или в формате, запрошенном тобой: **latitude 51.5333, longitude 46.0167**.",-,200,857.87
Yandex,"625000, г. Тюмень, ул. Республики, д. 47",57.152018 65.543176,exact,200,122.27
DaData,"625000, г. Тюмень, ул. Республики, д. 47",,network error: 0,0,2237.62
GigaChat,"625000, г. Тюмень, ул. Республики, д. 47","Координаты адреса «625000, г. Тюмень, ул. Республики, д. 47»: **56.8519° N, 60.6105° E**  
Или в формате, запрошенном вами: **latitude 56.8519, longitude 60.6105**.",-,200,631.02
Yandex,"445044, г. Тольятти, Южное шоссе, д. 36",53.555689 49.264913,exact,200,112.63
DaData,"445044, г. Тольятти, Южное шоссе, д. 36",,network error: 0,0,2232.79
GigaChat,"445044, г. Тольятти, Южное шоссе, д. 36","Координаты адреса «445044, г. Тольятти, Южное шоссе, д. 36»: **53.31895, 44.53128**",-,200,676.01
Yandex,"426008, г. Ижевск, ул. Пушкинская, д. 216",56.854547 53.211499,exact,200,118.57
DaData,"426008, г. Ижевск, ул. Пушкинская, д. 216",,network error: 0,0,2204.15
GigaChat,"426008, г. Ижевск, ул. Пушкинская, д. 216","Координаты адреса «426008, г. Ижевск, ул. Пушкинская, д. 216»: **57.9983° N, 53.3639° E**  
Или в указанном тобой формате: `latitude longitude`: **57.9983, 53.3639**.",-,200,659.13
Yandex,"656043, г. Барнаул, пр. Ленина, д. 54",53.346457 83.779309,exact,200,200.03
DaData,"656043, г. Барнаул, пр. Ленина, д. 54",,network error: 0,0,2254.71
GigaChat,"656043, г. Барнаул, пр. Ленина, д. 54","Координаты адреса «656043, г. Барнаул, пр. Ленина, д. 54»: **54.9686° N, 83.3547° E**  
Или в формате, запрошенном вами: **latitude 54.9686, longitude 83.3547**.",-,200,640.13
Yandex,"644007, г. Омск, ул. Ленина, д. 12",54.9857 73.374015,exact,200,175.64
DaData,"644007, г. Омск, ул. Ленина, д. 12",,network error: 0,0,2226.13
GigaChat,"644007, г. Омск, ул. Ленина, д. 12","Координаты адреса «644007, г. Омск, ул. Ленина, д. 12» примерно равны:

**latitude:** 55.0018  
**longitude:** 82.9243",-,200,765.74
Yandex,"454000, г. Челябинск, ул. Кирова, д. 92",55.164773 61.400227,exact,200,141.86
DaData,"454000, г. Челябинск, ул. Кирова, д. 92",,network error: 0,0,2221.08
GigaChat,"454000, г. Челябинск, ул. Кирова, д. 92","Координаты адреса «454000, г. Челябинск, ул. Кирова, д. 92» примерно равны:

**latitude**: 55.1833  
**longitude**: 61.4500",-,200,692.4
Yandex,"173025, г. Великий Новгород, ул. Большая Московская, д. 39",58.529595 31.293478,exact,200,144.25
DaData,"173025, г. Великий Новгород, ул. Большая Московская, д. 39",,network error: 0,0,2230.77
GigaChat,"173025, г. Великий Новгород, ул. Большая Московская, д. 39","Координаты адреса «173025, г. Великий Новгород, ул. Большая Московская, д. 39»: **58.5354° N, 30.8448° E**  
То есть в нужном тебе формате: `latitude longitude`: **58.5354 30.8448**.",-,200,621.38
Yandex,"180000, г. Псков, Октябрьский пр., д. 36",57.81367 28.347444,exact,200,148.24
DaData,"180000, г. Псков, Октябрьский пр., д. 36",,network error: 0,0,2263.67
GigaChat,"180000, г. Псков, Октябрьский пр., д. 36","Координаты адреса «180000, г. Псков, Октябрьский пр., д. 36»: **56.0296° N, 28.7833° E**  
Или в формате, запрошенном тобой: **latitude 56.0296, longitude 28.7833**.",-,200,861.15
Yandex,"214000, г. Смоленск, ул. Большая Советская, д. 11",54.785927 32.054234,exact,200,122.4
DaData,"214000, г. Смоленск, ул. Большая Советская, д. 11",,network error: 0,0,2198.9
GigaChat,"214000, г. Смоленск, ул. Большая Советская, д. 11","Координаты адреса «214000, г. Смоленск, ул. Большая Советская, д. 11»: **54.2198° N, 32.0539° E**  
Или в указанном формате: **latitude 54.2198, longitude 32.0539**.",-,200,840.97
Yandex,"170000, г. Тверь, ул. Советская, д. 12",56.860693 35.902877,exact,200,223.63
DaData,"170000, г. Тверь, ул. Советская, д. 12",,network error: 0,0,2212.37
GigaChat,"170000, г. Тверь, ул. Советская, д. 12","Координаты адреса «170000, г. Тверь, ул. Советская, д. 12»: **56.8509° N, 35.3681° E**  
Или в указанном формате: **latitude 56.8509, longitude 35.3681**.",-,200,643.66
Yandex,"156000, г. Кострома, ул. Советская, д. 1",57.767145 40.928295,exact,200,215.47
DaData,"156000, г. Кострома, ул. Советская, д. 1",,network error: 0,0,2221.57
GigaChat,"156000, г. Кострома, ул. Советская, д. 1","Координаты адреса «156000, г. Кострома, ул. Советская, д. 1»: **57.2198° N, 40.9472° E**  
Или в указанном формате: **latitude 57.2198, longitude 40.9472**.",-,200,630.54
Yandex,"600000, г. Владимир, ул. Большая Московская, д. 58",56.12837 40.41021,exact,200,149.56
DaData,"600000, г. Владимир, ул. Большая Московская, д. 58",,network error: 0,0,2244.77
GigaChat,"600000, г. Владимир, ул. Большая Московская, д. 58","Координаты адреса «600000, г. Владимир, ул. Большая Московская, д. 58»: **56.1094° N, 40.3989° E**  
Или в указанном формате: `latitude 56.1094 longitude 40.3989`",-,200,819.18
Yandex,"390000, г. Рязань, ул. Почтовая, д. 49",54.629336 39.742079,exact,200,115.14
DaData,"390000, г. Рязань, ул. Почтовая, д. 49",,network error: 0,0,2203.11
GigaChat,"390000, г. Рязань, ул. Почтовая, д. 49","Координаты адреса «390000, г. Рязань, ул. Почтовая, д. 49»: **54.6583° N, 39.4333° E**  
Или в указанном формате: **latitude 54.6583, longitude 39.4333**.",-,200,605.98
Yandex,"398055, г. Липецк, пр. Победы, д. 29",52.596208 39.568758,number,200,160.52
DaData,"398055, г. Липецк, пр. Победы, д. 29",,network error: 0,0,2237.84
GigaChat,"398055, г. Липецк, пр. Победы, д. 29","Координаты адреса «398055, г. Липецк, пр. Победы, д. 29»: **52.5456° N, 39.2833° E**  
Или в нужном тебе формате: **latitude 52.5456, longitude 39.2833**.",-,200,637.0
Yandex,"392000, г. Тамбов, ул. Интернациональная, д. 15",52.721841 41.453028,exact,200,137.85
DaData,"392000, г. Тамбов, ул. Интернациональная, д. 15",,network error: 0,0,2229.54
GigaChat,"392000, г. Тамбов, ул. Интернациональная, д. 15","Координаты адреса «392000, г. Тамбов, ул. Интернациональная, д. 15»: **52.6381° N, 40.1736° E**  
Или в указанном тобой формате: **latitude 52.6381, longitude 40.1736**.",-,200,637.74
Yandex,"432071, г. Ульяновск, ул. Гончарова, д. 18",54.313635 48.396386,exact,200,102.64
DaData,"432071, г. Ульяновск, ул. Гончарова, д. 18",,network error: 0,0,2269.48
GigaChat,"432071, г. Ульяновск, ул. Гончарова, д. 18","Координаты адреса «432071, г. Ульяновск, ул. Гончарова, д. 18»: **54.29306, 48.65972**  
(широта latitude: 54.29306, долгота longitude: 48.65972)",-,200,632.27
Yandex,"385000, г. Майкоп, ул. Краснооктябрьская, д. 29",44.608564 40.104423,exact,200,115.9
DaData,"385000, г. Майкоп, ул. Краснооктябрьская, д. 29",,network error: 0,0,2172.81
GigaChat,"385000, г. Майкоп, ул. Краснооктябрьская, д. 29","Координаты адреса «385000, г. Майкоп, ул. Краснооктябрьская, д. 29»: **44.9984° N, 40.9767° E**  
Или в указанном формате: **latitude 44.9984, longitude 40.9767**.",-,200,661.22
Yandex,"426034, г. Ижевск, ул. Советская, д. 1",56.844707 53.199291,exact,200,282.93
DaData,"426034, г. Ижевск, ул. Советская, д. 1",,network error: 0,0,2229.77
GigaChat,"426034, г. Ижевск, ул. Советская, д. 1","Координаты адреса «426034, г. Ижевск, ул. Советская, д. 1» примерно равны:

**latitude:** `56.8493`  
**longitude:** `53.1948`",-,200,509.47
Yandex,"667010, г. Кызыл, ул. Ленина, д. 33",51.720074 94.439598,exact,200,204.99
DaData,"667010, г. Кызыл, ул. Ленина, д. 33",,network error: 0,0,2285.32
GigaChat,"667010, г. Кызыл, ул. Ленина, д. 33","Координаты адреса «667010, г. Кызыл, ул. Ленина, д. 33»: **52.9833° N, 92.8167° E**  
latitude: 52.9833  
longitude: 92.8167",-,200,570.08
Yandex,"655017, г. Абакан, ул. Ленина, д. 67",53.721642 91.442226,exact,200,221.72
DaData,"655017, г. Абакан, ул. Ленина, д. 67",,network error: 0,0,2233.3
GigaChat,"655017, г. Абакан, ул. Ленина, д. 67","Координаты адреса «655017, г. Абакан, ул. Ленина, д. 67»: **52.6398° N, 92.7414° E**  
Или в указанном формате: **latitude 52.6398, longitude 92.7414**.",-,200,662.87
Yandex,"629008, г. Салехард, ул. Республики, д. 40",66.526521 66.606871,exact,200,162.91
DaData,"629008, г. Салехард, ул. Республики, д. 40",,network error: 0,0,2223.21
GigaChat,"629008, г. Салехард, ул. Республики, д. 40","Координаты адреса «629008, г. Салехард, ул. Республики, д. 40»: **66.5333° N, 66.2333° E**  
Или в нужном тебе формате: **latitude 66.5333, longitude 66.2333**.",-,200,644.08
Yandex,"683031, г. Петропавловск-Камчатский, ул. Ленинская, д. 14",53.011085 158.652783,exact,200,148.85
DaData,"683031, г. Петропавловск-Камчатский, ул. Ленинская, д. 14",,network error: 0,0,2233.67
GigaChat,"683031, г. Петропавловск-Камчатский, ул. Ленинская, д. 14","Координаты адреса «683031, г. Петропавловск-Камчатский, ул. Ленинская, д. 14»: **53.0198° N, 158.6833° E**  
Или в указанном формате: **latitude 53.0198, longitude 158.6833**.",-,200,886.14
Yandex,"693000, г. Южно-Сахалинск, ул. Ленина, д. 174",46.963134 142.727521,exact,200,242.37
DaData,"693000, г. Южно-Сахалинск, ул. Ленина, д. 174",,network error: 0,0,2218.93
GigaChat,"693000, г. Южно-Сахалинск, ул. Ленина, д. 174","Координаты адреса «693000, г. Южно-Сахалинск, ул. Ленина, д. 174»: **53.1781° N, 142.5578° E**  
Или в формате, запрошенном вами: **latitude 53.1781, longitude 142.5578**.",-,200,901.78
Yandex,"685000, г. Магадан, пр. Ленина, д. 2",59.569044 150.80864,number,200,161.18
DaData,"685000, г. Магадан, пр. Ленина, д. 2",,network error: 0,0,2206.21
GigaChat,"685000, г. Магадан, пр. Ленина, д. 2","Координаты адреса «685000, г. Магадан, пр. Ленина, д. 2» примерно равны:

**latitude**: 59.4778  
**longitude**: 150.9333",-,200,688.44
Yandex,"689000, г. Анадырь, ул. Отке, д. 28",64.734993 177.51099,exact,200,121.21
DaData,"689000, г. Анадырь, ул. Отке, д. 28",,network error: 0,0,2216.12
GigaChat,"689000, г. Анадырь, ул. Отке, д. 28","Координаты адреса «689000, г. Анадырь, ул. Отке, д. 28»: **69.5167° N, 179.8333° E**  
Или в формате, запрошенном тобой: **latitude 69.5167, longitude 179.8333**.",-,200,661.77
Yandex,"249038, г. Обнинск, пр. Ленина, д. 85",55.099778 36.602674,exact,200,150.51
DaData,"249038, г. Обнинск, пр. Ленина, д. 85",,network error: 0,0,2211.45
GigaChat,"249038, г. Обнинск, пр. Ленина, д. 85","Координаты адреса «249038, г. Обнинск, пр. Ленина, д. 85» примерно равны:

**54.1944° N (54.1944 latitude)**  
**36.2189° E (36.2189 longitude)**",-,200,636.51
Yandex,"141070, Московская обл., г. Королев, пр-т Космонавтов, д. 15",55.917844 37.869011,exact,200,165.06
DaData,"141070, Московская обл., г. Королев, пр-т Космонавтов, д. 15",,network error: 0,0,2273.65
GigaChat,"141070, Московская обл., г. Королев, пр-т Космонавтов, д. 15","Координаты адреса «141070, Московская область, город Королев, проспект Космонавтов, дом 15» примерно равны:

**55.9385° N, 37.7764° E**  
latitude: **55.9385**  
longitude: **37.7764**",-,200,2293.91
Yandex,"141200, Московская обл., г. Пушкино, ул. Московский пр., д. 15",56.010216 37.850434,exact,200,150.87
DaData,"141200, Московская обл., г. Пушкино, ул. Московский пр., д. 15",,network error: 0,0,2204.3
GigaChat,"141200, Московская обл., г. Пушкино, ул. Московский пр., д. 15","Координаты адреса «141200, Московская область, город Пушкино, улица Московский проспект, дом 15» примерно равны:

**59.8139° N, 38.1361° E**

То есть в формате, указанном вами:  
**latitude: 59.8139, longitude: 38.1361**",-,200,708.55
Yandex,"188640, Ленинградская обл., г. Всеволожск, Колтушское ш., д. 138",60.0212 30.653707,exact,200,206.71
DaData,"188640, Ленинградская обл., г. Всеволожск, Колтушское ш., д. 138",,network error: 0,0,2212.66
GigaChat,"188640, Ленинградская обл., г. Всеволожск, Колтушское ш., д. 138","Координаты адреса «188640, Ленинградская область, г. Всеволожск, Колтушское шоссе, д. 138» примерно равны:

**59.7833° N, 30.2833° E**",-,200,757.52
Yandex,"188800, Ленинградская обл., г. Выборг, ул. Крепостная, д. 25",60.710901 28.737582,exact,200,105.8
DaData,"188800, Ленинградская обл., г. Выборг, ул. Крепостная, д. 25",,network error: 0,0,2224.61
GigaChat,"188800, Ленинградская обл., г. Выборг, ул. Крепостная, д. 25","Координаты адреса «188800, Ленинградская область, город Выборг, улица Крепостная, дом 25»: **61.8298° N, 28.7836° E**  
Или в нужном тебе формате: **latitude 61.8298, longitude 28.7836**.",-,200,629.91
Yandex,"624130, Свердловская обл., г. Новоуральск, ул. Ленина, д. 15",57.255006 60.102988,exact,200,182.76
DaData,"624130, Свердловская обл., г. Новоуральск, ул. Ленина, д. 15",,network error: 0,0,2219.58
GigaChat,"624130, Свердловская обл., г. Новоуральск, ул. Ленина, д. 15","Координаты адреса «624130, Свердловская область, город Новоуральск, улица Ленина, дом 15» примерно равны:

**56.8956° N, 60.7797° E**  
latitude: **56.8956**  
longitude: **60.7797**",-,200,834.46
Yandex,"456780, Челябинская обл., г. Озерск, пр. Ленина, д. 30",55.769281 60.694367,exact,200,146.77
DaData,"456780, Челябинская обл., г. Озерск, пр. Ленина, д. 30",,network error: 0,0,2240.38
GigaChat,"456780, Челябинская обл., г. Озерск, пр. Ленина, д. 30","Координаты адреса «456780, Челябинская область, город Озерск, проспект Ленина, дом 30» примерно равны:

**55.1984, 61.7456**",-,200,476.29
Yandex,"238710, Калининградская обл., г. Советск, ул. Победы, д. 1",55.081375 21.889258,exact,200,562.51
DaData,"238710, Калининградская обл., г. Советск, ул. Победы, д. 1",,network error: 0,0,2217.8
GigaChat,"238710, Калининградская обл., г. Советск, ул. Победы, д. 1","Координаты адреса «238710, Калининградская область, город Советск, улица Победы, дом 1»: **54.9333° N, 21.4167° E**  
Или в нужном тебе формате: **latitude 54.9333, longitude 21.4167**.",-,200,636.91
Yandex,"692900, Приморский край, г. Уссурийск, ул. Некрасова, д. 66",43.797429 131.953478,exact,200,120.88
DaData,"692900, Приморский край, г. Уссурийск, ул. Некрасова, д. 66",,network error: 0,0,2209.22
GigaChat,"692900, Приморский край, г. Уссурийск, ул. Некрасова, д. 66","Координаты адреса «692900, Приморский край, г. Уссурийск, ул. Некрасова, д. 66»: **43.8167° N, 132.3833° E**  
Или в формате, запрошенном вами: **latitude 43.8167, longitude 132.3833**.",-,200,901.84
Yandex,"683000, Камчатский край, г. Елизово, ул. Ленина, д. 25",53.190219 158.381465,near,200,162.16
DaData,"683000, Камчатский край, г. Елизово, ул. Ленина, д. 25",,network error: 0,0,2239.83
GigaChat,"683000, Камчатский край, г. Елизово, ул. Ленина, д. 25","Координаты адреса «683000, Камчатский край, г. Елизово, ул. Ленина, д. 25»: **53.9463° N, 158.5833° E**  
Или в формате, запрошенном вами: `latitude longitude`: **53.9463, 158.5833**.",-,200,838.55
Yandex,"416540, Астраханская обл., г. Знаменск, ул. Ленина, д. 7",48.581252 45.737624,exact,200,187.13
DaData,"416540, Астраханская обл., г. Знаменск, ул. Ленина, д. 7",,network error: 0,0,2202.65
GigaChat,"416540, Астраханская обл., г. Знаменск, ул. Ленина, д. 7","Координаты адреса «416540, Астраханская область, город Знаменск, улица Ленина, дом 7» примерно равны:

**latitude**: 46.0833  
**longitude**: 48.9167",-,200,505.3
Yandex,"141411, Московская обл., г. Химки, ул. Московская, д. 15",55.889083 37.445518,exact,200,159.33
DaData,"141411, Московская обл., г. Химки, ул. Московская, д. 15",,network error: 0,0,2230.68
GigaChat,"141411, Московская обл., г. Химки, ул. Московская, д. 15","Координаты адреса «141411, Московская область, город Химки, улица Московская, дом 15» примерно равны:

**55.7512° N, 37.4188° E**  
latitude: **55.7512**  
longitude: **37.4188**",-,200,837.29
Yandex,"143980, Московская обл., г. Железнодорожный, ул. Советская, д. 9",55.751573 38.012139,exact,200,187.91
DaData,"143980, Московская обл., г. Железнодорожный, ул. Советская, д. 9",,network error: 0,0,2182.58
GigaChat,"143980, Московская обл., г. Железнодорожный, ул. Советская, д. 9","Координаты адреса «143980, Московская область, город Железнодорожный, улица Советская, дом 9» примерно равны:

**latitude**: `55.7194`  
**longitude**: `37.8536`",-,200,488.48
Yandex,"196240, г. Санкт-Петербург, Московский пр., д. 216",59.848809 30.322327,exact,200,106.24
DaData,"196240, г. Санкт-Петербург, Московский пр., д. 216",,network error: 0,0,2257.89
GigaChat,"196240, г. Санкт-Петербург, Московский пр., д. 216","Координаты адреса «196240, г. Санкт-Петербург, Московский пр., д. 216»: **59.8953° N, 30.2575° E**  
Или в формате, запрошенном вами: `latitude longitude`:  
`59.8953 30.2575`",-,200,654.29
Yandex,"620026, г. Екатеринбург, ул. Белинского, д. 83",56.823094 60.619079,exact,200,131.39
DaData,"620026, г. Екатеринбург, ул. Белинского, д. 83",,network error: 0,0,2211.06
GigaChat,"620026, г. Екатеринбург, ул. Белинского, д. 83","Координаты адреса «620026, г. Екатеринбург, ул. Белинского, д. 83»: **56.8395° N, 60.6050° E**  
Или в формате, запрошенном вами: `latitude 56.8395, longitude 60.6050`",-,200,644.43
Yandex,"630073, г. Новосибирск, ул. Кирова, д. 44",55.018711 82.937848,exact,200,185.49
DaData,"630073, г. Новосибирск, ул. Кирова, д. 44",,network error: 0,0,2251.77
GigaChat,"630073, г. Новосибирск, ул. Кирова, д. 44","Координаты адреса «630073, г. Новосибирск, ул. Кирова, д. 44»: **55.8210° N, 82.9228° E**  
Или в указанном формате: **latitude 55.8210, longitude 82.9228**.",-,200,618.9
Yandex,"420111, г. Казань, ул. Баумана, д. 58",55.790291 49.115235,exact,200,95.09
DaData,"420111, г. Казань, ул. Баумана, д. 58",,network error: 0,0,2216.42
GigaChat,"420111, г. Казань, ул. Баумана, д. 58","Координаты адреса «420111, г. Казань, ул. Баумана, д. 58»: **55.7894° N, 49.0959° E**  
Или в формате, запрошенном вами: `latitude longitude`:  
`55.7894 49.0959`",-,200,666.84
Yandex,"603000, г. Нижний Новгород, ул. Рождественская, д. 43",56.327521 43.984247,exact,200,109.87
DaData,"603000, г. Нижний Новгород, ул. Рождественская, д. 43",,network error: 0,0,2221.88
GigaChat,"603000, г. Нижний Новгород, ул. Рождественская, д. 43","Координаты адреса «603000, г. Нижний Новгород, ул. Рождественская, д. 43»: **56.3298° N, 43.9614° E**  
Или в формате, запрошенном вами: `latitude longitude`:  
`56.3298 43.9614`",-,200,668.11
Yandex,"443010, г. Самара, ул. Ленинградская, д. 75",53.184996 50.100687,exact,200,131.93
DaData,"443010, г. Самара, ул. Ленинградская, д. 75",,network error: 0,0,2250.76
GigaChat,"443010, г. Самара, ул. Ленинградская, д. 75","Координаты адреса «443010, г. Самара, ул. Ленинградская, д. 75» примерно равны:

**latitude:** 53.2298  
**longitude:** 50.1833",-,200,682.96
Yandex,"454000, г. Челябинск, ул. Воровского, д. 2",55.159465 61.399185,exact,200,161.17
DaData,"454000, г. Челябинск, ул. Воровского, д. 2",,network error: 0,0,2218.72
GigaChat,"454000, г. Челябинск, ул. Воровского, д. 2","Координаты адреса «454000, г. Челябинск, ул. Воровского, д. 2» примерно равны:

**latitude**: 55.1893  
**longitude**: 61.4263",-,200,516.29
Yandex,"644043, г. Омск, ул. Красный Путь, д. 163",55.016461 73.318077,exact,200,152.29
DaData,"644043, г. Омск, ул. Красный Путь, д. 163",,network error: 0,0,2223.42
GigaChat,"644043, г. Омск, ул. Красный Путь, д. 163","Координаты адреса «644043, г. Омск, ул. Красный Путь, д. 163»: **55.0089° N, 82.6864° E**  
Или в нужном тебе формате: **latitude 55.0089, longitude 82.6864**.",-,200,823.73
Yandex,"119034, г. Москва, ул. Остоженка, д. 37/7",55.738414 37.596372,number,200,123.03
DaData,"119034, г. Москва, ул. Остоженка, д. 37/7",,network error: 0,0,2224.82
GigaChat,"119034, г. Москва, ул. Остоженка, д. 37/7","Координаты адреса «119034, г. Москва, ул. Остоженка, д. 37/7»: **55.7585° N, 37.5893° E**  
Или в нужном тебе формате: `latitude longitude`: **55.7585, 37.5893**.",-,200,841.69
Yandex,"191002, г. Санкт-Петербург, ул. Разъезжая, д. 5/22",59.92543 30.343716,number,200,138.73
DaData,"191002, г. Санкт-Петербург, ул. Разъезжая, д. 5/22",,network error: 0,0,2225.24
GigaChat,"191002, г. Санкт-Петербург, ул. Разъезжая, д. 5/22","Координаты адреса «191002, г. Санкт-Петербург, ул. Разъезжая, д. 5/22»: **59.9386° N, 30.3141° E**  
Или в указанном вами формате: `latitude longitude`: **59.9386, 30.3141**.",-,200,884.55
Yandex,"620075, г. Екатеринбург, ул. Малышева, д. 51/1",56.836106 60.61465,number,200,98.56
DaData,"620075, г. Екатеринбург, ул. Малышева, д. 51/1",,network error: 0,0,2241.56
GigaChat,"620075, г. Екатеринбург, ул. Малышева, д. 51/1","Координаты адреса «620075, г. Екатеринбург, ул. Малышева, д. 51/1»: **56.8395° N, 60.6050° E**  
Или в формате, запрошенном вами: `latitude 56.8395, longitude 60.6050`",-,200,664.89
Yandex,"630004, г. Новосибирск, ул. Фрунзе, д. 5/2",55.036943 82.916333,exact,200,149.66
DaData,"630004, г. Новосибирск, ул. Фрунзе, д. 5/2",,network error: 0,0,2175.4
GigaChat,"630004, г. Новосибирск, ул. Фрунзе, д. 5/2","Координаты адреса «630004, г. Новосибирск, ул. Фрунзе, д. 5/2»: **55.823956, 82.938543**",-,200,721.44
Yandex,"420107, г. Казань, ул. Татарстан, д. 20/12",55.781241 49.113295,number,200,155.42
DaData,"420107, г. Казань, ул. Татарстан, д. 20/12",,network error: 0,0,2238.1
GigaChat,"420107, г. Казань, ул. Татарстан, д. 20/12","Координаты указанного адреса примерно равны:

**latitude:** 55.8196  
**longitude:** 49.1155",-,200,378.35
Yandex,"603001, г. Нижний Новгород, ул. Пискунова, д. 21/13",56.324102 44.007639,number,200,147.77
DaData,"603001, г. Нижний Новгород, ул. Пискунова, д. 21/13",,network error: 0,0,2226.84
GigaChat,"603001, г. Нижний Новгород, ул. Пискунова, д. 21/13","Координаты адреса «603001, г. Нижний Новгород, ул. Пискунова, д. 21/13»: **56.3298° N, 43.9947° E**  
Или в нужном формате: `latitude longitude`: **56.3298, 43.9947**.",-,200,866.0
Yandex,"443099, г. Самара, ул. Галактионовская, д. 118/120",53.200544 50.109338,number,200,158.55
DaData,"443099, г. Самара, ул. Галактионовская, д. 118/120",,network error: 0,0,2232.12
GigaChat,"443099, г. Самара, ул. Галактионовская, д. 118/120","Координаты адреса «443099, г. Самара, ул. Галактионовская, д. 118/120»: **53.21944, 50.15639**",-,200,464.19
Yandex,"454091, г. Челябинск, ул. Сони Кривой, д. 38/1",55.157999 61.385342,number,200,139.0
DaData,"454091, г. Челябинск, ул. Сони Кривой, д. 38/1",,network error: 0,0,2220.69
GigaChat,"454091, г. Челябинск, ул. Сони Кривой, д. 38/1","Координаты адреса «454091, г. Челябинск, ул. Сони Кривой, д. 38/1»: **55.1333° N, 61.4167° E**  
Или в десятичном формате: **55.1333, 61.4167**.",-,200,604.86
Yandex,"644099, г. Омск, ул. Ленина, д. 9/12",54.985313 73.375174,number,200,237.13
DaData,"644099, г. Омск, ул. Ленина, д. 9/12",,network error: 0,0,2217.84
GigaChat,"644099, г. Омск, ул. Ленина, д. 9/12","Координаты адреса «644099, г. Омск, ул. Ленина, д. 9/12» примерно равны:

**latitude:** `55.0183°`  
**longitude:** `82.9244°`",-,200,540.89
Yandex,"344002, г. Ростов-на-Дону, ул. Б. Садовая, д. 45/73",47.221558 39.710638,number,200,174.4
DaData,"344002, г. Ростов-на-Дону, ул. Б. Садовая, д. 45/73",,network error: 0,0,2205.81
GigaChat,"344002, г. Ростов-на-Дону, ул. Б. Садовая, д. 45/73","Координаты адреса «344002, г. Ростов-на-Дону, ул. Б. Садовая, д. 45/73» примерно равны:

**latitude:** 47.2298  
**longitude:** 39.7031",-,200,533.28
Yandex,"55.753544, 37.621202",", Иран, Голестан",other,200,106.06
DaData,"55.753544, 37.621202",,,200,121.22
GigaChat,"55.753544, 37.621202","Полный почтовый адрес по указанным координатам определить невозможно без использования дополнительных навыков геокодирования. Однако ориентировочно эти координаты находятся в Москве, Россия. Точный адрес без обращения к дополнительным сервисам назвать нельзя.",-,200,430.74
Yandex,"59.939131, 30.315882",", Иран, Систан и Белуджистан",other,200,124.73
DaData,"59.939131, 30.315882",,,200,83.7
GigaChat,"59.939131, 30.315882","Полный почтовый адрес по указанным координатам определить невозможно без использования дополнительных навыков геокодирования. Однако ориентировочно эти координаты находятся в Санкт-Петербурге, Россия. Точный адрес без обращения к дополнительным сервисам назвать нельзя.",-,200,423.58
Yandex,"55.796289, 49.108980",", Казахстан, Актюбинская область, Темирский район, Алтыкарасуский сельский округ",other,200,143.57
DaData,"55.796289, 49.108980",,,200,90.0
GigaChat,"55.796289, 49.108980","Без использования дополнительных навыков у меня нет доступа к базам геокодирования и я не могу точно определить адрес по координатам. Рекомендую воспользоваться специализированными картографическими сервисами или гео-поисковыми системами, такими как Яндекс.Карты, Google Maps или 2ГИС.",-,200,518.19
Yandex,"56.328674, 44.002059",", Узбекистан, Республика Каракалпакстан, Кунградский район, аульский сход граждан Устюрт",other,200,135.37
DaData,"56.328674, 44.002059",,,200,75.42
GigaChat,"56.328674, 44.002059","Без использования дополнительных навыков у меня нет доступа к базам геокодирования и картам, чтобы точно определить адрес по указанным координатам. Рекомендую воспользоваться специализированными сервисами карт и геолокации, такими как Яндекс.Карты, Google Maps или 2ГИС.",-,200,701.16
Yandex,"54.989347, 73.368221",", Россия, Архангельская область, муниципальный округ Новая Земля, остров Южный",other,200,115.39
DaData,"54.989347, 73.368221",,,200,91.58
GigaChat,"54.989347, 73.368221","Без использования дополнительных навыков у меня нет доступа к базам данных геокодирования и я не могу точно определить адрес по координатам. Рекомендую воспользоваться специализированными картографическими сервисами или геоинформационными системами, такими как Яндекс.Карты, Google Maps или OpenStreetMap.",-,200,520.25
Yandex,"53.195538, 50.100202",", Казахстан, Западно-Казахстанская область, Сырымский район, Булдуртинский сельский округ, село Булдурта",other,200,107.52
DaData,"53.195538, 50.100202",,,200,91.84
GigaChat,"53.195538, 50.100202","Без использования дополнительных навыков у меня нет доступа к базам геокодирования и картам в режиме реального времени, поэтому я не могу точно определить адрес по указанным вами координатам. Рекомендую воспользоваться специализированными сервисами карт и геокодирования, такими как Яндекс.Карты, Google Maps или OpenStreetMap.",-,200,529.59
Yandex,"47.222531, 39.718705",", Азербайджан, Ходжавендский район",other,200,98.81
DaData,"47.222531, 39.718705",,,200,80.6
GigaChat,"47.222531, 39.718705","Без использования дополнительных навыков у меня нет доступа к базам данных с геокодированными адресами. Рекомендую воспользоваться специализированными сервисами карт или геоинформационными системами, такими как Яндекс.Карты, Google Maps или API картовых сервисов.",-,200,673.25
Yandex,"56.838002, 60.597295",", Россия, Пермский край, Чердынский муниципальный округ",other,200,89.99
DaData,"56.838002, 60.597295",,,200,94.62
GigaChat,"56.838002, 60.597295","Без использования дополнительных навыков у меня нет доступа к базам данных геокодирования и я не могу точно определить адрес по координатам. Рекомендую воспользоваться специализированными картографическими сервисами или гео-поисковыми системами, такими как Яндекс.Карты, Google Maps или 2ГИС.",-,200,520.94
Yandex,"55.041500, 82.934600",", Северный Ледовитый океан",other,200,101.02
DaData,"55.041500, 82.934600",,,200,89.13
GigaChat,"55.041500, 82.934600","Без использования дополнительных навыков у меня нет доступа к базам данных с адресами и картами, поэтому я не могу точно определить адрес по указанным координатам. Рекомендую воспользоваться специализированными сервисами карт и навигации, такими как Яндекс.Карты или Google Maps.",-,200,486.3
Yandex,"56.852544, 53.204843",", Россия, Республика Башкортостан, Мелеузовский район, Нугушевский сельсовет",other,200,111.35
DaData,"56.852544, 53.204843",,,200,82.61
GigaChat,"56.852544, 53.204843","Без использования дополнительных навыков у меня нет доступа к базам геокодирования и картам, чтобы точно определить адрес по координатам. Рекомендую воспользоваться специализированными сервисами карт и геопоиска, такими как Яндекс.Карты, Google Maps или 2ГИС.",-,200,499.4
Yandex,"45.043317, 38.975882",", Иран, Западный Азербайджан",other,200,93.49
DaData,"45.043317, 38.975882",,,200,76.18
GigaChat,"45.043317, 38.975882","Без использования дополнительных навыков у меня нет доступа к базам геокодирования и я не могу точно определить адрес по координатам. Рекомендую воспользоваться специализированными картографическими сервисами или гео-приложениями, такими как Яндекс.Карты, Google Maps или 2ГИС, чтобы получить точный адрес по указанным координатам.",-,200,770.63
Yandex,"48.719390, 44.501840",", Каспийское море",other,200,113.38
DaData,"48.719390, 44.501840",,,200,76.79
GigaChat,"48.719390, 44.501840","Без использования дополнительных навыков у меня нет доступа к базам геокодирования и картам в режиме реального времени. По этой причине точный почтовый адрес по указанным координатам определить невозможно. Рекомендую воспользоваться специализированными сервисами карт и геокодирования, такими как Яндекс.Карты, Google Maps или API картовых сервисов.",-,200,561.01
Yandex,"54.734853, 55.957855",", Россия, Республика Башкортостан, Калтасинский район, Нижнекачмашевский сельсовет",other,200,125.79
DaData,"54.734853, 55.957855",,,200,79.95
GigaChat,"54.734853, 55.957855","Без использования дополнительных навыков у меня нет доступа к картам и базам геокодирования, поэтому я не могу точно определить адрес по указанным координатам. Рекомендую воспользоваться специализированными сервисами карт и геокодирования, такими как Яндекс.Карты, Google Maps или API картовых сервисов.",-,200,722.46
Yandex,"58.520721, 31.301470",", Иран, Деште-Лут",other,200,135.53
DaData,"58.520721, 31.301470",,,200,56.71
GigaChat,"58.520721, 31.301470","Без использования дополнительных навыков у меня нет доступа к базам геокодирования и я не могу точно определить адрес по координатам. Рекомендую воспользоваться специализированными картографическими сервисами или геоинформационными системами, такими как Яндекс.Карты, Google Maps или 2ГИС.",-,200,712.96
Yandex,"59.557049, 150.803543",,network error: list index out of range,0,2343.81
DaData,"59.557049, 150.803543",,,400,90.84
GigaChat,"59.557049, 150.803543","Указанные вами координаты находятся примерно в Арктической зоне, недалеко от побережья полуострова Таймыр, Россия. Однако точное определение адреса по координатам требует использования специализированных сервисов геокодирования, которых у меня нет. Рекомендую воспользоваться картографическими сервисами вроде Яндекс.Карты или Google Maps для точного определения адреса. По моим данным, ближайшим населенным пунктом является Норильск, однако точные улицы и номера домов указать не могу.",-,200,696.24
Yandex,"43.585525, 39.723062",", Турция, провинция Агры, Догубаязыт, Актарла",other,200,92.74
DaData,"43.585525, 39.723062",,,200,85.16
GigaChat,"43.585525, 39.723062","Без использования дополнительных навыков у меня нет доступа к базам геокодирования и картам, чтобы точно определить адрес по координатам. Рекомендую воспользоваться специализированными сервисами картографического направления (например, Яндекс.Карты, Google Maps или 2ГИС), которые позволяют легко получить точный адрес по заданным координатам.",-,200,774.99
Yandex,"44.616650, 33.525366",", Ирак, мухафаза Дияла",other,200,133.41
DaData,"44.616650, 33.525366",,,200,71.39
GigaChat,"44.616650, 33.525366","Без использования дополнительных навыков у меня нет доступа к базам данных геокодирования, поэтому я не могу точно определить адрес по указанным координатам. Рекомендую воспользоваться специализированными картографическими сервисами или гео-приложениями, такими как Google Maps, Yandex.Карты или другими подобными инструментами.",-,200,523.61
Yandex,"60.153033, 59.986748",", Россия, Свердловская область, Волчанский муниципальный округ",other,200,115.21
DaData,"60.153033, 59.986748",,,200,91.58
GigaChat,"60.153033, 59.986748","Без использования дополнительных навыков у меня нет доступа к картам и базам данных с адресами, чтобы точно определить адрес по координатам. Рекомендую воспользоваться специализированными сервисами карт или гео-кодирования, такими как Яндекс.Карты, Google Maps или API геокодирования сторонних разработчиков.",-,200,725.95
Yandex,"51.768199, 55.096955",", Россия, Республика Татарстан (Татарстан), Заинский район, Гулькинское сельское поселение",other,200,102.38
DaData,"51.768199, 55.096955",,,200,93.23
GigaChat,"51.768199, 55.096955","Без использования дополнительных навыков у меня нет доступа к базам геокодирования и картам, чтобы точно определить адрес по указанным координатам. Рекомендую воспользоваться специализированными сервисами карт или геоинформационными системами, такими как Яндекс.Карты, Google Maps или OpenStreetMap.",-,200,574.15
Yandex,"53.361406, 55.925674",", Россия, Удмуртская Республика, Каракулинский район, муниципальное образование Быргындинское",other,200,100.77
DaData,"53.361406, 55.925674",,,200,68.0
GigaChat,"53.361406, 55.925674","Без использования дополнительных навыков у меня нет доступа к картам и базам данных с адресами, поэтому я не могу точно определить адрес по указанным координатам. Однако примерно эти координаты соответствуют району Санкт-Петербурга, возможно, это район Купчино или окрестности. Для точного определения адреса рекомендую воспользоваться специализированными сервисами карт и навигации, такими как Яндекс.Карты или Google Maps.",-,200,627.18
Yandex,"55.028190, 82.921447",", Северный Ледовитый океан",other,200,96.35
DaData,"55.028190, 82.921447",,,200,56.88
GigaChat,"55.028190, 82.921447","Без использования дополнительных навыков у меня нет доступа к картам или базам данных адресов, чтобы точно определить адрес по координатам. Рекомендую воспользоваться специализированными сервисами карт или гео-кодирования, такими как Яндекс.Карты, Google Maps или API геокодирования сторонних разработчиков.",-,200,544.0
Yandex,"56.484640, 84.948183",", Северный Ледовитый океан",other,200,112.34
DaData,"56.484640, 84.948183",,,200,81.72
GigaChat,"56.484640, 84.948183","Без использования дополнительных навыков у меня нет доступа к базам геокодирования и я не могу точно определить адрес по координатам. Рекомендую воспользоваться специализированными картографическими сервисами или геоинформационными системами, такими как Яндекс.Карты, Google Maps или OpenStreetMap.",-,200,530.29
Yandex,"53.355127, 83.692948",", Северный Ледовитый океан",other,200,98.66
DaData,"53.355127, 83.692948",,,200,57.67
GigaChat,"53.355127, 83.692948","Без использования дополнительных навыков у меня нет доступа к базам данных геокодирования и я не могу точно определить адрес по координатам. Рекомендую воспользоваться специализированными картографическими сервисами или геоинформационными системами, такими как Яндекс.Карты, Google Maps или OpenStreetMap.",-,200,711.51
Yandex,"52.297781, 104.296422",,network error: list index out of range,0,2300.95
DaData,"52.297781, 104.296422",,,400,77.87
GigaChat,"52.297781, 104.296422","Без использования дополнительных навыков у меня нет доступа к базам данных геокодирования и я не могу точно определить адрес по координатам. Рекомендую воспользоваться специализированными картографическими сервисами или геоинформационными системами, такими как Яндекс.Карты, Google Maps или OpenStreetMap.",-,200,740.38
Yandex,"61.257447, 73.397448",", Карское море",other,200,115.88
DaData,"61.257447, 73.397448",,,200,58.55
GigaChat,"61.257447, 73.397448",Без использования дополнительных навыков у меня нет доступа к базам геокодирования и я не могу точно определить адрес по координатам. Рекомендую воспользоваться специализированными картографическими сервисами или гео-поисковыми системами онлайн.,-,200,645.49
Yandex,"66.529323, 66.614426",", Россия, Ямало-Ненецкий автономный округ, Приуральский район",other,200,127.25
DaData,"66.529323, 66.614426",,,200,74.87
GigaChat,"66.529323, 66.614426","Координаты, указанные вами (66.529323, 66.614426), находятся примерно в районе архипелага Новая Земля, Россия. Однако точное определение адреса по таким координатам требует использования специализированных картографических сервисов, которые я не имею возможности применять самостоятельно.

Для точного определения почтового адреса рекомендую воспользоваться онлайн-сервисами картографии, такими как Яндекс.Карты или Google Maps.",-,200,675.42
Yandex,"67.639895, 53.006729",", Казахстан, Северо-Казахстанская область, Айыртауский район, Украинский сельский округ",other,200,90.36
DaData,"67.639895, 53.006729",,,200,62.07
GigaChat,"67.639895, 53.006729","Без использования дополнительных навыков у меня нет доступа к базам геокодирования и я не могу определить точный почтовый адрес по координатам. Рекомендую воспользоваться специализированными картографическими сервисами или гео-приложениями, такими как Яндекс.Карты, Google Maps или 2ГИС.",-,200,755.31
Yandex,"68.958527, 33.082931",", Афганистан, провинция Пактика",other,200,129.25
DaData,"68.958527, 33.082931",,,200,71.59
GigaChat,"68.958527, 33.082931","Без использования дополнительных навыков у меня нет доступа к базам геокодирования и я не могу точно определить адрес по координатам. Рекомендую воспользоваться специализированными картографическими сервисами или геоинформационными системами, такими как Яндекс.Карты, Google Maps или 2ГИС.",-,200,509.1
Yandex,"59.603392, 150.851941",,network error: list index out of range,0,2333.6
DaData,"59.603392, 150.851941",,,400,67.33
GigaChat,"59.603392, 150.851941","Указанные вами координаты находятся примерно в районе архипелага Новая Земля, Россия. Точное определение адреса по координатам возможно лишь приблизительно, поскольку в указанных координатах отсутствует конкретное название населенного пункта или объекта.

Однако наиболее вероятный вариант — это территория острова Северный архипелага Новая Земля, административный центр которого — посёлок Белушья Губа (Архангельская область). Полный пример почтового адреса по приблизительным координатам мог бы выглядеть следующим образом:

**Российская Федерация  
Архангельская область  
Архипелаг Новая Земля  
Посёлок Белушья Губа**

Но стоит учитывать, что указанные координаты могут относиться и к другим объектам, расположенным поблизости, поэтому точный адрес без дополнительного уточнения невозможен.",-,200,1257.61
Yandex,"46.349272, 48.034981",", Россия, Астраханская область, Ахтубинский район, сельское поселение Ново-Николаевка",other,200,97.48
DaData,"46.349272, 48.034981",,,200,69.39
GigaChat,"46.349272, 48.034981","Без использования дополнительных навыков у меня нет доступа к базам геокодирования и я не могу точно определить адрес по координатам. Рекомендую воспользоваться специализированными картографическими сервисами или геоинформационными системами, такими как Яндекс.Карты, Google Maps или OpenStreetMap.",-,200,551.0
Yandex,"44.958820, 34.109917",", Ирак, мухафаза Дияла",other,200,94.36
DaData,"44.958820, 34.109917",,,200,65.39
GigaChat,"44.958820, 34.109917","Без использования дополнительных навыков у меня нет доступа к базам геокодирования и я не могу точно определить адрес по координатам. Рекомендую воспользоваться специализированными картографическими сервисами или гео-приложениями, такими как Яндекс.Карты, Google Maps или 2ГИС, которые позволяют сделать это быстро и эффективно.",-,200,557.88
Yandex,"57.626569, 39.893822",", Туркменистан, Ахалский велаят",other,200,112.57
DaData,"57.626569, 39.893822",,,200,60.62
GigaChat,"57.626569, 39.893822",Без использования дополнительных навыков точный адрес по указанным координатам определить невозможно.,-,200,261.66
Yandex,"54.782712, 32.045287",", Иран, Йезд",other,200,131.48
DaData,"54.782712, 32.045287",,,200,86.23
GigaChat,"54.782712, 32.045287","Без использования дополнительных навыков у меня нет доступа к базам геокодирования и картам, чтобы точно определить адрес по указанным координатам. Рекомендую воспользоваться специализированными сервисами карт или геоинформационными системами, такими как Яндекс.Карты, Google Maps или 2ГИС.",-,200,750.65
Yandex,"51.675454, 39.208828",", Каспийское море",other,200,108.48
DaData,"51.675454, 39.208828",,,200,79.3
GigaChat,"51.675454, 39.208828","Без использования дополнительных навыков у меня нет доступа к картам и базам данных с адресами, поэтому я не могу точно определить адрес по указанным координатам. Рекомендую воспользоваться специализированными сервисами карт и геокодирования, такими как Яндекс.Карты, Google Maps или API картовых сервисов.",-,200,505.97
Yandex,"53.243325, 34.363991",", Иран, пески",other,200,139.86
DaData,"53.243325, 34.363991",,,200,78.17
GigaChat,"53.243325, 34.363991","Без использования дополнительных навыков у меня нет доступа к базам геокодирования и я не могу точно определить адрес по координатам. Рекомендую воспользоваться специализированными картографическими сервисами или гео-поисковыми системами типа «Яндекс.Карты», «Google Maps» или «2ГИС».",-,200,517.19
Yandex,"54.513845, 36.261215",", Иран, горы Эльбу́рс",other,200,95.18
DaData,"54.513845, 36.261215",,,200,59.96
GigaChat,"54.513845, 36.261215","Без использования дополнительных навыков у меня нет доступа к базам геокодирования и картам, поэтому я не могу точно определить адрес по указанным координатам. Рекомендую воспользоваться специализированными сервисами карт и геокодирования, такими как Яндекс.Карты, Google Maps или API картовых сервисов.",-,200,524.09
Yandex,"55.830430, 49.066082",", Казахстан, Актюбинская область, Темирский район, Алтыкарасуский сельский округ",other,200,95.9
DaData,"55.830430, 49.066082",,,200,70.52
GigaChat,"55.830430, 49.066082","Без использования дополнительных навыков у меня нет доступа к базам геокодирования и картам в режиме реального времени. Следовательно, точно определить адрес по указанным координатам сейчас невозможно.",-,200,617.82
Yandex,"56.633213, 47.895285",", Казахстан, Актюбинская область, Байганинский район, Жаркамысский сельский округ",other,200,108.69
DaData,"56.633213, 47.895285",,,200,86.84
GigaChat,"56.633213, 47.895285","Без использования дополнительных навыков у меня нет доступа к картам и базам данных с адресами, поэтому я не могу точно определить адрес по указанным координатам. Рекомендую воспользоваться специализированными сервисами карт или гео-кодирования.",-,200,669.56
Yandex,"58.461335, 92.130349",,network error: list index out of range,0,2284.84
DaData,"58.461335, 92.130349",,,400,70.01
GigaChat,"58.461335, 92.130349","Без использования дополнительных навыков у меня нет доступа к базам данных геокодирования и я не могу точно определить адрес по координатам. Рекомендую воспользоваться специализированными картографическими сервисами или гео-приложениями, такими как Яндекс.Карты, Google Maps или 2ГИС, чтобы получить точный адрес по указанным координатам.",-,200,778.7
Yandex,"52.033681, 113.500702",,network error: list index out of range,0,2363.25
DaData,"52.033681, 113.500702",,,400,68.09
GigaChat,"52.033681, 113.500702","Без использования дополнительных навыков у меня нет доступа к базам данных геокодирования, поэтому я не могу точно определить адрес по указанным координатам. Рекомендую воспользоваться специализированными картографическими сервисами или геоинформационными системами, такими как Яндекс.Карты, Google Maps или OpenStreetMap.",-,200,540.87
Yandex,"52.269310, 104.278237",,network error: list index out of range,0,2318.73
DaData,"52.269310, 104.278237",,,400,58.18
GigaChat,"52.269310, 104.278237","Без использования дополнительных навыков у меня нет доступа к базам данных геокодирования, поэтому я не могу точно определить адрес по указанным координатам. Рекомендую воспользоваться специализированными картографическими сервисами или геоинформационными системами, такими как Google Maps, Yandex.Карты или специализированные API-сервисы геокодирования.",-,200,536.65
Yandex,"61.257588, 73.425722",", Карское море",other,200,143.03
DaData,"61.257588, 73.425722",,,200,70.53
GigaChat,"61.257588, 73.425722","Без использования дополнительных навыков у меня нет доступа к базам данных геокодирования и я не могу точно определить адрес по координатам. Рекомендую воспользоваться специализированными картографическими сервисами или геоинформационными системами, такими как Яндекс.Карты, Google Maps или 2ГИС.",-,200,516.57
Yandex,"56.462089, 84.975206",", Северный Ледовитый океан",other,200,105.51
DaData,"56.462089, 84.975206",,,200,80.97
GigaChat,"56.462089, 84.975206","Без использования дополнительных навыков у меня нет доступа к базам данных геокодирования и я не могу точно определить адрес по координатам. Рекомендую воспользоваться специализированными картографическими сервисами или геоинформационными системами, такими как Яндекс.Карты, Google Maps или OpenStreetMap.",-,200,512.66
Yandex,"53.360749, 83.763647",", Северный Ледовитый океан",other,200,109.79
DaData,"53.360749, 83.763647",,,200,83.54
GigaChat,"53.360749, 83.763647","Без использования дополнительных навыков у меня нет доступа к базам геокодирования и картам, чтобы точно определить адрес по указанным координатам. Рекомендую воспользоваться специализированными сервисами карт или геоинформационными системами, такими как Яндекс.Карты, Google Maps или 2ГИС.",-,200,530.08
Yandex,"55.030204, 82.920430",", Северный Ледовитый океан",other,200,110.26
DaData,"55.030204, 82.920430",,,200,82.4
GigaChat,"55.030204, 82.920430","Без использования дополнительных навыков у меня нет доступа к базам данных геокодирования, поэтому я не могу точно определить адрес по указанным координатам. Рекомендую воспользоваться специализированными картографическими сервисами или геоинформационными системами, такими как Яндекс.Карты, Google Maps или OpenStreetMap.",-,200,516.97
Yandex,"54.853096, 83.105735",", Северный Ледовитый океан",other,200,100.71
DaData,"54.853096, 83.105735",,,200,79.55
GigaChat,"54.853096, 83.105735",Без использования дополнительных навыков у меня нет доступа к базам данных геокодирования и я не могу точно определить адрес по координатам. Рекомендую воспользоваться специализированными картографическими сервисами или гео-поиском в интернете.,-,200,477.84
Yandex,"55.018196, 82.933618",", Северный Ледовитый океан",other,200,87.58
DaData,"55.018196, 82.933618",,,200,71.44
GigaChat,"55.018196, 82.933618","Без использования дополнительных навыков у меня нет доступа к базам геокодирования и картам, чтобы точно определить адрес по указанным координатам. Рекомендую воспользоваться специализированными сервисами карт или геоинформационными системами, такими как Яндекс.Карты, Google Maps или OpenStreetMap.",-,200,700.24
Yandex,"56.112184, 47.244961",", Казахстан, Актюбинская область, Байганинский район, Жанажолский сельский округ",other,200,129.9
DaData,"56.112184, 47.244961",,,200,63.24
GigaChat,"56.112184, 47.244961","Без использования дополнительных навыков у меня нет доступа к базам данных с адресами и картами, поэтому я не могу точно определить адрес по указанным координатам. Рекомендую воспользоваться специализированными сервисами карт и геокодирования, такими как Яндекс.Карты, Google Maps или OpenStreetMap.",-,200,504.26
Yandex,"54.625146, 39.734957",", Туркменистан, Балканский велаят, хребет Большой Балхан",other,200,95.4
DaData,"54.625146, 39.734957",,,200,75.7
GigaChat,"54.625146, 39.734957","Без использования дополнительных навыков у меня нет доступа к базам данных геокодирования и я не могу точно определить адрес по координатам. Рекомендую воспользоваться специализированными картографическими сервисами или геоинформационными системами, такими как Яндекс.Карты, Google Maps или OpenStreetMap.",-,200,482.38
Yandex,"53.203434, 50.160491",", Казахстан, Западно-Казахстанская область, Сырымский район, Булдуртинский сельский округ",other,200,133.18
DaData,"53.203434, 50.160491",,,200,95.56
GigaChat,"53.203434, 50.160491","Без использования дополнительных навыков у меня нет доступа к картам и базам геокодирования, поэтому я не могу точно определить адрес по указанным координатам. Рекомендую воспользоваться специализированными сервисами карт и геокодирования, такими как Яндекс.Карты, Google Maps или API картовых сервисов.",-,200,505.05
Yandex,"44.723489, 37.768031",", Иран, Западный Азербайджан",other,200,104.34
DaData,"44.723489, 37.768031",,,200,59.96
GigaChat,"44.723489, 37.768031","Без использования дополнительных навыков у меня нет доступа к базам геокодирования и картам, чтобы точно определить адрес по координатам. Рекомендую воспользоваться специализированными сервисами карт и геолокации, такими как Яндекс.Карты, Google Maps или 2ГИС, которые позволяют получить точный адрес по заданным координатам.",-,200,781.77
Yandex,"43.682570, 40.288311",", Армения, Арагацотнская область",other,200,108.52
DaData,"43.682570, 40.288311",,,200,74.42
GigaChat,"43.682570, 40.288311","Без использования дополнительных навыков у меня нет доступа к базам данных геокодирования и я не могу точно определить адрес по координатам. Рекомендую воспользоваться специализированными картографическими сервисами или геоинформационными системами, такими как Яндекс.Карты, Google Maps или OpenStreetMap.",-,200,699.89
Yandex,"42.874621, 131.635617",,network error: list index out of range,0,2318.53
DaData,"42.874621, 131.635617",,,400,59.15
GigaChat,"42.874621, 131.635617","Без использования дополнительных навыков у меня нет доступа к базам геокодирования и я не могу точно определить адрес по координатам. Рекомендую воспользоваться специализированными картографическими сервисами или гео-приложениями, такими как Google Maps, Yandex.Карты или другими подобными инструментами.",-,200,529.61
Yandex,"48.482707, 135.078971",,network error: list index out of range,0,2318.55
DaData,"48.482707, 135.078971",,,400,59.45
GigaChat,"48.482707, 135.078971","Без использования дополнительных навыков у меня нет доступа к базам данных геокодирования и я не могу точно определить адрес по координатам. Рекомендую воспользоваться специализированными картографическими сервисами или геоинформационными системами, такими как Яндекс.Карты, Google Maps или OpenStreetMap.",-,200,511.33
Yandex,"50.290406, 127.527210",,network error: list index out of range,0,2296.59
DaData,"50.290406, 127.527210",,,400,48.67
GigaChat,"50.290406, 127.527210","Без использования дополнительных навыков у меня нет доступа к базам данных геокодирования и я не могу точно определить адрес по координатам. Рекомендую воспользоваться специализированными картографическими сервисами или гео-приложениями, такими как Яндекс.Карты, Google Maps или 2ГИС.",-,200,538.53
Yandex,"52.033097, 113.501114",,network error: list index out of range,0,2365.83
DaData,"52.033097, 113.501114",,,400,78.9
GigaChat,"52.033097, 113.501114","Без использования дополнительных навыков у меня нет доступа к базам данных геокодирования и я не могу точно определить адрес по координатам. Рекомендую воспользоваться специализированными картографическими сервисами или геоинформационными системами, такими как Яндекс.Карты, Google Maps или OpenStreetMap.",-,200,506.27
Yandex,"56.600562, 57.758219",", Россия, Пермский муниципальный округ, Кукуштанское сельское поселение",other,200,95.01
DaData,"56.600562, 57.758219",,,200,60.31
GigaChat,"56.600562, 57.758219","Без использования дополнительных навыков у меня нет доступа к картам или базам данных с адресами, поэтому я не могу точно определить адрес по указанным координатам. Рекомендую воспользоваться специализированными сервисами карт и геолокации, такими как Google Maps, Yandex.Карты или специализированные API-сервисы.",-,200,509.16
Yandex,"58.000000, 56.316666",", Россия, Свердловская область, Красноуфимский муниципальный округ",other,200,111.05
DaData,"58.000000, 56.316666",,,200,65.44
GigaChat,"58.000000, 56.316666","Без использования дополнительных навыков у меня нет доступа к базам геокодирования и я не могу точно определить адрес по координатам. Рекомендую воспользоваться специализированными картографическими сервисами или гео-поисковыми системами типа Яндекс.Карты, Google Maps или 2ГИС, указав координаты там.",-,200,542.97
Yandex,"57.152985, 65.541227",", Россия, Республика Коми, муниципальный район Печора, муниципальное образование Путеец",other,200,91.58
DaData,"57.152985, 65.541227",,,200,83.33
GigaChat,"57.152985, 65.541227","Без использования дополнительных навыков у меня нет доступа к базам геокодирования и я не могу точно определить адрес по координатам. Рекомендую воспользоваться специализированными картографическими сервисами или гео-приложениями, такими как Яндекс.Карты, Google Maps или 2ГИС.",-,200,721.64
Yandex,"55.442201, 65.341118",", Россия, Республика Коми, муниципальный район Печора, муниципальное образование Чикшино",other,200,76.57
DaData,"55.442201, 65.341118",,,200,82.71
GigaChat,"55.442201, 65.341118","Без использования дополнительных навыков у меня нет доступа к базам данных геокодирования и я не могу точно определить адрес по координатам. Рекомендую воспользоваться специализированными картографическими сервисами или геоинформационными системами, такими как Яндекс.Карты, Google Maps или OpenStreetMap.",-,200,729.11
Yandex,"54.436231, 61.254593",", Россия, Республика Коми, муниципальный район Усть-Куломский, муниципальное образование Керчомъя",other,200,111.94
DaData,"54.436231, 61.254593",,,200,73.12
GigaChat,"54.436231, 61.254593","Без использования дополнительных навыков у меня нет доступа к картам или базам данных с адресами, поэтому я не могу определить точный почтовый адрес по указанным координатам.",-,200,360.23
Yandex,"53.451735, 59.067332",", Россия, Кировская область, Афанасьевский муниципальный округ",other,200,97.52
DaData,"53.451735, 59.067332",,,200,48.79
GigaChat,"53.451735, 59.067332","Без использования дополнительных навыков у меня нет доступа к базам данных геокодирования, поэтому я не могу точно определить адрес по указанным координатам. Рекомендую воспользоваться специализированными картографическими сервисами или геоинформационными системами, такими как Яндекс.Карты, Google Maps или OpenStreetMap.",-,200,736.28
Yandex,"51.530018, 46.034657",", Каспийское море",other,200,132.71
DaData,"51.530018, 46.034657",,,200,89.91
GigaChat,"51.530018, 46.034657","Без использования дополнительных навыков у меня нет доступа к базам геокодирования и я не могу точно определить адрес по координатам. Рекомендую воспользоваться специализированными картографическими сервисами или гео-поисковыми системами, такими как Google Maps, Yandex.Карты или API специализированных сервисов геокодирования.",-,200,536.12
Yandex,"53.373896, 55.935023",", Россия, Удмуртская Республика, Каракулинский район, муниципальное образование Быргындинское",other,200,97.6
DaData,"53.373896, 55.935023",,,200,62.82
GigaChat,"53.373896, 55.935023","Без использования дополнительных навыков у меня нет доступа к картам или базам данных с адресами, поэтому я не могу точно определить адрес по указанным координатам. Рекомендую воспользоваться специализированными сервисами карт и геокодирования, такими как Google Maps, Yandex.Карты или API картографических сервисов.",-,200,566.51
Yandex,"54.736237, 55.966153",", Россия, Республика Башкортостан, Калтасинский район, Нижнекачмашевский сельсовет",other,200,83.08
DaData,"54.736237, 55.966153",,,200,60.93
GigaChat,"54.736237, 55.966153","Без использования дополнительных навыков у меня нет доступа к базам геокодирования и я не могу точно определить адрес по координатам. Рекомендую воспользоваться специализированными картографическими сервисами или геоинформационными системами, такими как Яндекс.Карты, Google Maps или OpenStreetMap.",-,200,494.79
Yandex,"56.132222, 47.251944",", Казахстан, Актюбинская область, Байганинский район, Жанажолский сельский округ",other,200,95.62
DaData,"56.132222, 47.251944",,,200,59.78
GigaChat,"56.132222, 47.251944","Без использования дополнительных навыков у меня нет доступа к базам геокодирования и я не могу точно определить адрес по координатам. Рекомендую воспользоваться специализированными картографическими сервисами или гео-приложениями, такими как Google Maps, Yandex.Карты или другими онлайн-сервисами, предназначенными для перевода координат в адреса.",-,200,555.05
Yandex,"55.784183, 49.124128",", Казахстан, Актюбинская область, Темирский район, Алтыкарасуский сельский округ",other,200,101.2
DaData,"55.784183, 49.124128",,,200,60.71
GigaChat,"55.784183, 49.124128","Без использования дополнительных навыков у меня нет доступа к базам геокодирования и я не могу точно определить адрес по координатам. Рекомендую воспользоваться специализированными картографическими сервисами или гео-поисковыми системами, такими как Яндекс.Карты, Google Maps или 2ГИС.",-,200,709.21
Yandex,"56.328674, 44.002059",", Узбекистан, Республика Каракалпакстан, Кунградский район, аульский сход граждан Устюрт",other,200,104.64
DaData,"56.328674, 44.002059",,,200,77.59
GigaChat,"56.328674, 44.002059","Без использования дополнительных навыков у меня нет доступа к базам геокодирования и картам, чтобы точно определить адрес по указанным координатам. Рекомендую воспользоваться специализированными сервисами карт и геолокации, такими как Яндекс.Карты, Google Maps или 2ГИС.",-,200,516.24
Yandex,"57.152222, 65.527222",", Россия, Республика Коми, муниципальный район Печора, муниципальное образование Путеец",other,200,98.39
DaData,"57.152222, 65.527222",,,200,95.76
GigaChat,"57.152222, 65.527222","Без использования дополнительных навыков у меня нет доступа к базам геокодирования и картам, чтобы точно определить адрес по указанным координатам. Рекомендую воспользоваться специализированными сервисами картографического направления, такими как Яндекс.Карты, Google Maps или 2ГИС, которые позволяют быстро найти точный адрес по координатам.",-,200,577.64
Yandex,"58.043056, 60.553889",", Россия, Пермский край, Красновишерский муниципальный округ",other,200,98.72
DaData,"58.043056, 60.553889",,,200,83.42
GigaChat,"58.043056, 60.553889","Без использования дополнительных навыков у меня нет доступа к базам данных геокодирования и я не могу точно определить адрес по координатам. Рекомендую воспользоваться специализированными картографическими сервисами или геоинформационными системами, такими как Яндекс.Карты, Google Maps или OpenStreetMap.",-,200,492.44
Yandex,"59.076667, 37.901111",", Туркменистан, Ахалский велаят",other,200,109.83
DaData,"59.076667, 37.901111",,,200,77.2
GigaChat,"59.076667, 37.901111","По указанным вами координатам находится адрес:

**Санкт-Петербург, улица Академика Лебедева, дом 4.**",-,200,516.35
Yandex,"58.461111, 92.148611",,network error: list index out of range,0,2355.62
DaData,"58.461111, 92.148611",,,400,59.44
GigaChat,"58.461111, 92.148611","Без использования дополнительных навыков у меня нет доступа к базам геокодирования и я не могу точно определить адрес по координатам. Рекомендую воспользоваться специализированными картографическими сервисами или геоинформационными системами, такими как Яндекс.Карты, Google Maps или OpenStreetMap.",-,200,513.52
Yandex,"59.562500, 150.803611",,network error: list index out of range,0,2310.34
DaData,"59.562500, 150.803611",,,400,84.66
GigaChat,"59.562500, 150.803611","Указанные вами координаты находятся примерно в районе архипелага Новая Земля, Россия. Точнее определить адрес по таким координатам невозможно, поскольку в указанных широте и долготе расположено несколько населённых пунктов и объектов, принадлежащих разным организациям и ведомствам. Для точного адреса потребуется дополнительная информация о конкретном населённом пункте или объекте.",-,200,806.71
Yandex,"53.016667, 158.650000",,network error: list index out of range,0,2325.51
DaData,"53.016667, 158.650000",,,400,79.78
GigaChat,"53.016667, 158.650000","Указанные вами координаты находятся в море — это акватория Берингова моря примерно в районе между полуостровом Чукотка и островом Айнэ (Алеутские острова). По таким координатам точный почтовый адрес определить невозможно, поскольку там отсутствует населённая местность или населённые пункты.",-,200,529.04
Yandex,"62.033889, 129.733056",,network error: list index out of range,0,2334.31
DaData,"62.033889, 129.733056",,,400,65.23
GigaChat,"62.033889, 129.733056","Без использования дополнительных навыков у меня нет доступа к базам данных геокодирования и я не могу точно определить адрес по координатам. Рекомендую воспользоваться специализированными картографическими сервисами или геоинформационными системами, такими как Яндекс.Карты, Google Maps или OpenStreetMap.",-,200,571.61
Yandex,"62.027222, 129.731944",,network error: list index out of range,0,2314.45
DaData,"62.027222, 129.731944",,,400,55.36
GigaChat,"62.027222, 129.731944","Без использования дополнительных навыков у меня нет доступа к базам геокодирования и я не могу точно определить адрес по координатам. Рекомендую воспользоваться специализированными картографическими сервисами или гео-поисковыми системами, такими как Яндекс.Карты, Google Maps или 2ГИС.",-,200,513.53
Yandex,"56.753690, 37.193314",", Иран, Северный Хорасан",other,200,106.77
DaData,"56.753690, 37.193314",,,200,68.58
GigaChat,"56.753690, 37.193314","Полный почтовый адрес по указанным координатам определить невозможно без использования дополнительных навыков геокодирования. Могу лишь сказать, что эти координаты находятся примерно в районе Москвы, Россия. Для точного адреса потребуется воспользоваться специализированными сервисами геокодирования.",-,200,675.82
Yandex,"56.342500, 37.520278",", Иран, Северный Хорасан",other,200,102.54
DaData,"56.342500, 37.520278",,,200,58.61
GigaChat,"56.342500, 37.520278","Без использования дополнительных навыков у меня нет доступа к базам геокодирования и я не могу точно определить адрес по координатам. Рекомендую воспользоваться специализированными картографическими сервисами или геоинформационными системами, такими как Яндекс.Карты, Google Maps или OpenStreetMap.",-,200,745.65
Yandex,"54.920000, 37.410000",", Иран, Голестан",other,200,142.25
DaData,"54.920000, 37.410000",,,200,58.0
GigaChat,"54.920000, 37.410000","Без использования дополнительных навыков у меня нет доступа к базам геокодирования и я не могу точно определить адрес по координатам. Рекомендую воспользоваться специализированными картографическими сервисами или гео-поисковыми системами типа Яндекс.Карты, Google Maps или 2ГИС.",-,200,528.34
Yandex,"55.616667, 37.650000",", Иран, Голестан",other,200,111.63
DaData,"55.616667, 37.650000",,,200,70.54
GigaChat,"55.616667, 37.650000","Без использования дополнительных навыков у меня нет доступа к базам геокодирования и картам, чтобы точно определить адрес по указанным координатам. Рекомендую воспользоваться специализированными сервисами карт и геолокации, такими как Яндекс.Карты, Google Maps или 2ГИС.",-,200,490.74
Yandex,"55.914167, 37.825000",", Иран, Голестан",other,200,109.97
DaData,"55.914167, 37.825000",,,200,82.03
GigaChat,"55.914167, 37.825000","Без использования дополнительных навыков у меня нет доступа к базам геокодирования и я не могу точно определить адрес по координатам. Рекомендую воспользоваться специализированными картографическими сервисами или гео-поисковыми системами типа Яндекс.Карты, Google Maps или 2ГИС.",-,200,1072.41
Yandex,"55.900000, 37.583333",", Иран, Голестан",other,200,113.24
DaData,"55.900000, 37.583333",,,200,70.27
GigaChat,"55.900000, 37.583333","Без использования дополнительных навыков у меня нет доступа к базам геокодирования и картам в режиме реального времени, поэтому точно определить адрес по указанным координатам сейчас невозможно.",-,200,598.61
Yandex,"55.869444, 37.661667",", Иран, Голестан",other,200,114.29
DaData,"55.869444, 37.661667",,,200,57.21
GigaChat,"55.869444, 37.661667","Полный почтовый адрес по указанным координатам определить невозможно без использования дополнительных навыков геокодирования. Однако ориентировочно эти координаты соответствуют территории Москвы, возможно району Арбат или Замоскворечье. Точный адрес можно уточнить только с помощью специализированных сервисов геокодирования или карт.",-,200,954.57
Yandex,"55.761111, 37.656389",", Иран, Голестан",other,200,102.19
DaData,"55.761111, 37.656389",,,200,66.87
GigaChat,"55.761111, 37.656389","Полный почтовый адрес по указанным координатам (55.761111, 37.656389):

**Москва, Россия**

Точный адрес зависит от масштаба карты и точности координат, однако наиболее вероятно, что это район Арбат или Замоскворечье в центре Москвы.",-,200,773.2
Yandex,"55.733890, 37.587129",", Иран, Голестан",other,200,140.2
DaData,"55.733890, 37.587129",,,200,78.85
GigaChat,"55.733890, 37.587129","Полный почтовый адрес по указанным координатам определить невозможно без использования дополнительных навыков геокодирования. Однако примерно эти координаты соответствуют центру Москвы, Россия. Полный точный адрес без обращения к дополнительным сервисам назвать нельзя.",-,200,643.27
Yandex,"55.678333, 37.893333",", Иран, Голестан",other,200,95.48
DaData,"55.678333, 37.893333",,,200,71.07
GigaChat,"55.678333, 37.893333","Без использования дополнительных навыков у меня нет доступа к картам и базам данных адресов, чтобы точно определить адрес по координатам. Рекомендую воспользоваться специализированными сервисами или картографическими сайтами, такими как Яндекс.Карты или Google Maps.",-,200,656.41
Yandex,"55.630556, 37.800556",", Иран, Голестан",other,200,100.33
DaData,"55.630556, 37.800556",,,200,66.01
GigaChat,"55.630556, 37.800556","Полный почтовый адрес по указанным координатам: Москва, Россия. Точные детали адреса (улица, дом и т.п.) по координатам определить невозможно.",-,200,372.76
Yandex,"55.580556, 37.693611",", Иран, Голестан",other,200,119.28
DaData,"55.580556, 37.693611",,,200,83.68
GigaChat,"55.580556, 37.693611","Полный почтовый адрес по указанным координатам определить невозможно без использования дополнительных навыков геокодирования. Однако ориентировочно эти координаты находятся в Москве, недалеко от станции метро «Проспект Мира». Точный адрес без обращения к дополнительным сервисам назвать нельзя.",-,200,499.72
Yandex,"55.550000, 37.700000",", Иран, Голестан",other,200,109.87
DaData,"55.550000, 37.700000",,,200,67.39
GigaChat,"55.550000, 37.700000","Без использования дополнительных навыков у меня нет доступа к базам геокодирования и картам, чтобы точно определить адрес по координатам. Рекомендую воспользоваться специализированными сервисами картографического направления, такими как Яндекс.Карты, Google Maps или Mail.ru Навигатор, которые позволяют быстро получить точный адрес по заданным координатам.",-,200,823.45
Yandex,"55.533333, 37.483333",", Иран, Голестан",other,200,98.32
DaData,"55.533333, 37.483333",,,200,70.79
GigaChat,"55.533333, 37.483333","Без использования дополнительных навыков у меня нет доступа к базам геокодирования и картам, чтобы точно определить адрес по координатам. Рекомендую воспользоваться специализированными сервисами карт или геоинформационными системами, такими как Яндекс.Карты, Google Maps или OpenStreetMap.",-,200,513.28
Yandex,"55.508333, 37.326389",", Иран, Голестан",other,200,105.18
DaData,"55.508333, 37.326389",,,200,82.26
GigaChat,"55.508333, 37.326389","Без использования дополнительных навыков у меня нет доступа к базам геокодирования и картам, чтобы точно определить адрес по указанным координатам. Рекомендую воспользоваться специализированными сервисами карт и геокодирования, такими как Яндекс.Карты, Google Maps или OpenStreetMap.",-,200,707.77
Yandex,"55.433333, 37.550000",", Иран, Голестан",other,200,132.47
DaData,"55.433333, 37.550000",,,200,58.15
GigaChat,"55.433333, 37.550000","По указанным координатам находится адрес:

**Москва, Россия, улица Большая Якиманка, дом №2/6, строение 1.**",-,200,355.51
Yandex,"55.422500, 37.554167",", Иран, Голестан",other,200,121.54
DaData,"55.422500, 37.554167",,,200,92.65
GigaChat,"55.422500, 37.554167","Без использования дополнительных навыков у меня нет доступа к базам данных геокодирования и я не могу точно определить адрес по координатам. Однако ориентировочно эти координаты находятся в Москве, Россия. Полный точный адрес можно получить через специализированные сервисы картографии или геоинформационные системы.",-,200,720.2
Yandex,"55.383333, 37.550000",", Иран, Голестан",other,200,107.73
DaData,"55.383333, 37.550000",,,200,70.09
GigaChat,"55.383333, 37.550000","Полный почтовый адрес по указанным вами координатам (55.383333, 37.550000):

**Москва, Красная площадь, дом 1**  
(примерный адрес, точный адрес может отличаться)",-,200,522.68
Yandex,"55.350000, 37.616667",", Иран, Голестан",other,200,101.25
DaData,"55.350000, 37.616667",,,200,83.36
GigaChat,"55.350000, 37.616667","Полный почтовый адрес по указанным вами координатам (55.350000, 37.616667) — Москва, Красная площадь, 1.",-,200,415.44
Yandex,"55.333333, 37.750000",", Иран, Голестан",other,200,104.03
DaData,"55.333333, 37.750000",,,200,58.27
GigaChat,"55.333333, 37.750000","Без использования дополнительных навыков у меня нет доступа к базам данных геокодирования и я не могу точно определить адрес по координатам. Однако ориентировочно эти координаты соответствуют центру Москвы, Россия. Полный точный почтовый адрес без обращения к дополнительным сервисам указать не получится.",-,200,492.12
Yandex,"55.316667, 38.650000",", Туркменистан, Балканский велаят",other,200,89.48
DaData,"55.316667, 38.650000",,,200,75.51
GigaChat,"55.316667, 38.650000","Без использования дополнительных навыков у меня нет доступа к картам или базам данных с адресами, чтобы точно определить адрес по координатам. Рекомендую воспользоваться специализированными сервисами картографического направления, такими как Яндекс.Карты, Google Maps или 2ГИС, которые позволяют найти адрес по заданным координатам.",-,200,544.97
Yandex,"55.183333, 37.966667",", Туркменистан, Балканский велаят",other,200,106.68
DaData,"55.183333, 37.966667",,,200,83.72
GigaChat,"55.183333, 37.966667","Полный почтовый адрес по указанным вами координатам (55.183333, 37.966667):

**Москва, Россия, Центральный административный округ, район Хамовники, улица Большая Полянка, дом № 22/2, строение 2.**",-,200,738.83
Yandex,"55.116667, 38.766667",", Туркменистан, Балканский велаят",other,200,87.21
DaData,"55.116667, 38.766667",,,200,88.98
GigaChat,"55.116667, 38.766667","Без использования дополнительных навыков у меня нет доступа к базам данных с геокодированными адресами. Рекомендую воспользоваться специализированными сервисами карт или геоаналитики, такими как Яндекс.Карты, Google Maps или API картовых сервисов.",-,200,702.01
Yandex,"55.012222, 82.935556",", Северный Ледовитый океан",other,200,142.01
DaData,"55.012222, 82.935556",,,200,81.01
GigaChat,"55.012222, 82.935556","Без использования дополнительных навыков у меня нет доступа к базам геокодирования и я не могу точно определить адрес по координатам. Рекомендую воспользоваться специализированными картографическими сервисами или геоинформационными системами, такими как Яндекс.Карты, Google Maps или OpenStreetMap.",-,200,491.4
